commit_id,changed_files,impacted_tests
commit_0000,src/services/inventory.js;src/api/routes.js;src/services/payment.js,tests/playwright/tests/inventory.spec.js;tests/playwright/tests/order.spec.js;tests/playwright/tests/payment.spec.js
commit_0001,src/services/order.js,tests/playwright/tests/order.spec.js
commit_0002,src/services/order.js;src/shared/validators.js;src/shared/utils.js,tests/playwright/tests/order.spec.js;tests/playwright/tests/payment.spec.js
commit_0003,src/services/order.js,tests/playwright/tests/inventory.spec.js
commit_0004,src/services/inventory.js;src/services/payment.js,tests/playwright/tests/inventory.spec.js;tests/playwright/tests/payment.spec.js
commit_0005,src/services/inventory.js;src/shared/utils.js;src/api/routes.js,tests/playwright/tests/inventory.spec.js;tests/playwright/tests/order.spec.js;tests/playwright/tests/payment.spec.js
commit_0006,src/services/inventory.js;src/services/order.js,tests/playwright/tests/inventory.spec.js;tests/playwright/tests/order.spec.js
commit_0007,src/services/payment.js,tests/playwright/tests/payment.spec.js
commit_0008,src/api/routes.js;src/services/inventory.js;src/services/order.js,tests/playwright/tests/inventory.spec.js;tests/playwright/tests/order.spec.js
commit_0009,src/services/inventory.js;src/services/order.js,tests/playwright/tests/inventory.spec.js;tests/playwright/tests/order.spec.js
commit_0010,src/api/routes.js;src/services/payment.js;src/services/order.js,tests/playwright/tests/order.spec.js;tests/playwright/tests/payment.spec.js
commit_0011,src/api/routes.js;src/shared/validators.js,tests/playwright/tests/payment.spec.js
commit_0012,src/services/inventory.js;src/api/routes.js,tests/playwright/tests/inventory.spec.js;tests/playwright/tests/order.spec.js
commit_0013,src/shared/utils.js;src/shared/validators.js,tests/playwright/tests/payment.spec.js
commit_0014,src/services/inventory.js;src/shared/validators.js;src/services/payment.js,tests/playwright/tests/inventory.spec.js;tests/playwright/tests/order.spec.js;tests/playwright/tests/payment.spec.js
commit_0015,src/services/payment.js;src/shared/validators.js;src/services/order.js,tests/playwright/tests/inventory.spec.js;tests/playwright/tests/order.spec.js;tests/playwright/tests/payment.spec.js
commit_0016,src/services/order.js;src/shared/validators.js,tests/playwright/tests/order.spec.js
commit_0017,src/services/inventory.js,tests/playwright/tests/inventory.spec.js
commit_0018,src/services/order.js;src/services/inventory.js,tests/playwright/tests/inventory.spec.js;tests/playwright/tests/order.spec.js
commit_0019,src/shared/validators.js,tests/playwright/tests/payment.spec.js
commit_0020,src/shared/validators.js;src/services/order.js,tests/playwright/tests/inventory.spec.js;tests/playwright/tests/order.spec.js
commit_0021,src/api/routes.js;src/services/order.js;src/services/payment.js,tests/playwright/tests/order.spec.js;tests/playwright/tests/payment.spec.js
commit_0022,src/shared/validators.js,tests/playwright/tests/inventory.spec.js
commit_0023,src/api/routes.js,tests/playwright/tests/order.spec.js
commit_0024,src/services/inventory.js;src/shared/validators.js,tests/playwright/tests/inventory.spec.js;tests/playwright/tests/order.spec.js;tests/playwright/tests/payment.spec.js
commit_0025,src/shared/validators.js;src/shared/utils.js;src/services/order.js,tests/playwright/tests/inventory.spec.js;tests/playwright/tests/order.spec.js
commit_0026,src/services/inventory.js;src/api/routes.js;src/shared/validators.js,tests/playwright/tests/inventory.spec.js;tests/playwright/tests/order.spec.js;tests/playwright/tests/payment.spec.js
commit_0027,src/shared/utils.js;src/services/order.js,tests/playwright/tests/inventory.spec.js;tests/playwright/tests/order.spec.js
commit_0028,src/shared/validators.js;src/services/inventory.js;src/api/routes.js,tests/playwright/tests/inventory.spec.js;tests/playwright/tests/payment.spec.js
commit_0029,src/services/inventory.js;src/shared/utils.js,tests/playwright/tests/inventory.spec.js
commit_0030,src/api/routes.js;src/shared/utils.js;src/services/order.js,tests/playwright/tests/inventory.spec.js;tests/playwright/tests/order.spec.js;tests/playwright/tests/payment.spec.js
commit_0031,src/services/order.js;src/services/inventory.js;src/shared/validators.js,tests/playwright/tests/inventory.spec.js;tests/playwright/tests/order.spec.js
commit_0032,src/services/order.js;src/shared/validators.js;src/services/inventory.js,tests/playwright/tests/inventory.spec.js;tests/playwright/tests/order.spec.js
commit_0033,src/services/payment.js;src/services/order.js;src/api/routes.js,tests/playwright/tests/order.spec.js;tests/playwright/tests/payment.spec.js
commit_0034,src/services/inventory.js;src/api/routes.js;src/services/order.js,tests/playwright/tests/inventory.spec.js;tests/playwright/tests/order.spec.js;tests/playwright/tests/payment.spec.js
commit_0035,src/api/routes.js;src/services/payment.js;src/services/inventory.js,tests/playwright/tests/inventory.spec.js;tests/playwright/tests/payment.spec.js
commit_0036,src/shared/validators.js;src/services/order.js;src/services/payment.js,tests/playwright/tests/order.spec.js;tests/playwright/tests/payment.spec.js
commit_0037,src/services/inventory.js;src/api/routes.js,tests/playwright/tests/inventory.spec.js;tests/playwright/tests/order.spec.js;tests/playwright/tests/payment.spec.js
commit_0038,src/services/order.js;src/shared/utils.js,tests/playwright/tests/inventory.spec.js;tests/playwright/tests/order.spec.js
commit_0039,src/shared/validators.js,tests/playwright/tests/order.spec.js;tests/playwright/tests/payment.spec.js
commit_0040,src/services/order.js;src/shared/utils.js;src/api/routes.js,tests/playwright/tests/order.spec.js;tests/playwright/tests/payment.spec.js
commit_0041,src/shared/validators.js;src/shared/utils.js,tests/playwright/tests/order.spec.js;tests/playwright/tests/payment.spec.js
commit_0042,src/shared/utils.js,tests/playwright/tests/inventory.spec.js;tests/playwright/tests/payment.spec.js
commit_0043,src/api/routes.js;src/services/order.js,tests/playwright/tests/order.spec.js;tests/playwright/tests/payment.spec.js
commit_0044,src/services/order.js,tests/playwright/tests/order.spec.js
commit_0045,src/services/order.js;src/api/routes.js,tests/playwright/tests/inventory.spec.js;tests/playwright/tests/order.spec.js
commit_0046,src/services/payment.js;src/shared/validators.js,tests/playwright/tests/payment.spec.js
commit_0047,src/services/payment.js,tests/playwright/tests/payment.spec.js
commit_0048,src/services/inventory.js;src/api/routes.js,tests/playwright/tests/inventory.spec.js;tests/playwright/tests/order.spec.js
commit_0049,src/shared/utils.js,tests/playwright/tests/order.spec.js;tests/playwright/tests/payment.spec.js
commit_0050,src/services/inventory.js;src/shared/validators.js,tests/playwright/tests/inventory.spec.js
commit_0051,src/services/order.js;src/services/payment.js;src/shared/utils.js,tests/playwright/tests/order.spec.js;tests/playwright/tests/payment.spec.js
commit_0052,src/api/routes.js;src/shared/utils.js,tests/playwright/tests/inventory.spec.js
commit_0053,src/services/order.js;src/shared/validators.js;src/services/payment.js,tests/playwright/tests/order.spec.js;tests/playwright/tests/payment.spec.js
commit_0054,src/shared/utils.js;src/api/routes.js,tests/playwright/tests/order.spec.js;tests/playwright/tests/payment.spec.js
commit_0055,src/services/payment.js,tests/playwright/tests/payment.spec.js
commit_0056,src/services/inventory.js;src/services/order.js,tests/playwright/tests/inventory.spec.js;tests/playwright/tests/order.spec.js
commit_0057,src/shared/utils.js,tests/playwright/tests/payment.spec.js
commit_0058,src/services/order.js;src/shared/utils.js;src/shared/validators.js,tests/playwright/tests/inventory.spec.js;tests/playwright/tests/order.spec.js
commit_0059,src/services/order.js,tests/playwright/tests/order.spec.js
commit_0060,src/services/inventory.js;src/shared/validators.js,tests/playwright/tests/inventory.spec.js
commit_0061,src/shared/validators.js;src/api/routes.js;src/services/payment.js,tests/playwright/tests/payment.spec.js
commit_0062,src/api/routes.js,tests/playwright/tests/payment.spec.js
commit_0063,src/shared/validators.js;src/shared/utils.js,tests/playwright/tests/inventory.spec.js;tests/playwright/tests/order.spec.js;tests/playwright/tests/payment.spec.js
commit_0064,src/shared/validators.js;src/services/inventory.js,tests/playwright/tests/inventory.spec.js;tests/playwright/tests/order.spec.js;tests/playwright/tests/payment.spec.js
commit_0065,src/shared/utils.js,tests/playwright/tests/inventory.spec.js
commit_0066,src/shared/utils.js;src/shared/validators.js,tests/playwright/tests/order.spec.js
commit_0067,src/services/payment.js;src/shared/utils.js,tests/playwright/tests/payment.spec.js
commit_0068,src/services/order.js;src/shared/utils.js;src/api/routes.js,tests/playwright/tests/order.spec.js
commit_0069,src/shared/validators.js;src/services/inventory.js;src/shared/utils.js,tests/playwright/tests/inventory.spec.js;tests/playwright/tests/order.spec.js;tests/playwright/tests/payment.spec.js
commit_0070,src/services/order.js;src/shared/utils.js,tests/playwright/tests/order.spec.js
commit_0071,src/services/inventory.js;src/shared/utils.js,tests/playwright/tests/inventory.spec.js;tests/playwright/tests/order.spec.js
commit_0072,src/services/inventory.js;src/api/routes.js;src/services/order.js,tests/playwright/tests/inventory.spec.js;tests/playwright/tests/order.spec.js
commit_0073,src/services/payment.js;src/api/routes.js;src/services/order.js,tests/playwright/tests/order.spec.js;tests/playwright/tests/payment.spec.js
commit_0074,src/shared/validators.js;src/shared/utils.js,tests/playwright/tests/inventory.spec.js;tests/playwright/tests/order.spec.js
commit_0075,src/api/routes.js,tests/playwright/tests/inventory.spec.js
commit_0076,src/services/inventory.js;src/services/payment.js;src/shared/utils.js,tests/playwright/tests/inventory.spec.js;tests/playwright/tests/order.spec.js;tests/playwright/tests/payment.spec.js
commit_0077,src/api/routes.js;src/shared/utils.js,tests/playwright/tests/order.spec.js
commit_0078,src/shared/utils.js;src/api/routes.js;src/shared/validators.js,tests/playwright/tests/inventory.spec.js;tests/playwright/tests/payment.spec.js
commit_0079,src/shared/validators.js;src/shared/utils.js;src/services/payment.js,tests/playwright/tests/inventory.spec.js;tests/playwright/tests/order.spec.js;tests/playwright/tests/payment.spec.js
commit_0080,src/services/payment.js;src/shared/validators.js;src/services/inventory.js,tests/playwright/tests/inventory.spec.js;tests/playwright/tests/order.spec.js;tests/playwright/tests/payment.spec.js
commit_0081,src/api/routes.js;src/shared/utils.js,tests/playwright/tests/order.spec.js;tests/playwright/tests/payment.spec.js
commit_0082,src/shared/utils.js;src/shared/validators.js,tests/playwright/tests/order.spec.js
commit_0083,src/services/payment.js;src/api/routes.js,tests/playwright/tests/payment.spec.js
commit_0084,src/services/order.js;src/api/routes.js;src/shared/validators.js,tests/playwright/tests/inventory.spec.js;tests/playwright/tests/order.spec.js
commit_0085,src/services/order.js;src/services/payment.js,tests/playwright/tests/inventory.spec.js;tests/playwright/tests/order.spec.js;tests/playwright/tests/payment.spec.js
commit_0086,src/shared/validators.js,tests/playwright/tests/order.spec.js
commit_0087,src/shared/utils.js;src/services/inventory.js;src/shared/validators.js,tests/playwright/tests/inventory.spec.js;tests/playwright/tests/order.spec.js
commit_0088,src/shared/utils.js,tests/playwright/tests/inventory.spec.js
commit_0089,src/shared/validators.js,tests/playwright/tests/payment.spec.js
commit_0090,src/services/inventory.js,tests/playwright/tests/inventory.spec.js
commit_0091,src/shared/validators.js;src/services/order.js;src/shared/utils.js,tests/playwright/tests/inventory.spec.js;tests/playwright/tests/order.spec.js;tests/playwright/tests/payment.spec.js
commit_0092,src/services/inventory.js;src/services/order.js;src/shared/validators.js,tests/playwright/tests/inventory.spec.js;tests/playwright/tests/order.spec.js;tests/playwright/tests/payment.spec.js
commit_0093,src/shared/validators.js;src/shared/utils.js;src/services/payment.js,tests/playwright/tests/inventory.spec.js;tests/playwright/tests/order.spec.js;tests/playwright/tests/payment.spec.js
commit_0094,src/shared/validators.js;src/services/order.js;src/shared/utils.js,tests/playwright/tests/inventory.spec.js;tests/playwright/tests/order.spec.js;tests/playwright/tests/payment.spec.js
commit_0095,src/api/routes.js;src/shared/validators.js;src/services/payment.js,tests/playwright/tests/order.spec.js;tests/playwright/tests/payment.spec.js
commit_0096,src/services/inventory.js;src/shared/utils.js;src/services/payment.js,tests/playwright/tests/inventory.spec.js;tests/playwright/tests/order.spec.js;tests/playwright/tests/payment.spec.js
commit_0097,src/services/payment.js;src/shared/validators.js;src/services/inventory.js,tests/playwright/tests/inventory.spec.js;tests/playwright/tests/order.spec.js;tests/playwright/tests/payment.spec.js
commit_0098,src/api/routes.js;src/shared/utils.js,tests/playwright/tests/inventory.spec.js;tests/playwright/tests/order.spec.js;tests/playwright/tests/payment.spec.js
commit_0099,src/api/routes.js;src/shared/utils.js,tests/playwright/tests/payment.spec.js
commit_0100,src/services/inventory.js;src/shared/utils.js,tests/playwright/tests/inventory.spec.js
commit_0101,src/services/order.js,tests/playwright/tests/order.spec.js
commit_0102,src/api/routes.js;src/shared/utils.js,tests/playwright/tests/order.spec.js
commit_0103,src/services/inventory.js,tests/playwright/tests/inventory.spec.js
commit_0104,src/services/order.js;src/services/payment.js;src/services/inventory.js,tests/playwright/tests/inventory.spec.js;tests/playwright/tests/order.spec.js
commit_0105,src/shared/utils.js,tests/playwright/tests/order.spec.js
commit_0106,src/shared/utils.js;src/api/routes.js,tests/playwright/tests/inventory.spec.js
commit_0107,src/services/payment.js,tests/playwright/tests/payment.spec.js
commit_0108,src/shared/validators.js;src/services/payment.js,tests/playwright/tests/payment.spec.js
commit_0109,src/shared/utils.js;src/services/order.js;src/api/routes.js,tests/playwright/tests/order.spec.js
commit_0110,src/shared/utils.js;src/services/order.js;src/api/routes.js,tests/playwright/tests/inventory.spec.js;tests/playwright/tests/order.spec.js
commit_0111,src/services/inventory.js;src/services/order.js,tests/playwright/tests/inventory.spec.js;tests/playwright/tests/order.spec.js
commit_0112,src/services/inventory.js;src/shared/validators.js,tests/playwright/tests/inventory.spec.js;tests/playwright/tests/order.spec.js
commit_0113,src/services/inventory.js,tests/playwright/tests/inventory.spec.js
commit_0114,src/shared/validators.js;src/shared/utils.js,tests/playwright/tests/order.spec.js
commit_0115,src/api/routes.js;src/shared/utils.js;src/services/inventory.js,tests/playwright/tests/inventory.spec.js;tests/playwright/tests/order.spec.js;tests/playwright/tests/payment.spec.js
commit_0116,src/services/inventory.js;src/shared/utils.js;src/services/order.js,tests/playwright/tests/inventory.spec.js;tests/playwright/tests/order.spec.js;tests/playwright/tests/payment.spec.js
commit_0117,src/shared/utils.js;src/shared/validators.js;src/services/order.js,tests/playwright/tests/inventory.spec.js;tests/playwright/tests/order.spec.js;tests/playwright/tests/payment.spec.js
commit_0118,src/api/routes.js;src/services/payment.js,tests/playwright/tests/payment.spec.js
commit_0119,src/services/order.js;src/services/inventory.js;src/shared/utils.js,tests/playwright/tests/inventory.spec.js;tests/playwright/tests/payment.spec.js
commit_0120,src/shared/utils.js;src/services/inventory.js,tests/playwright/tests/inventory.spec.js;tests/playwright/tests/order.spec.js
commit_0121,src/shared/utils.js;src/services/payment.js;src/services/inventory.js,tests/playwright/tests/inventory.spec.js;tests/playwright/tests/payment.spec.js
commit_0122,src/services/order.js;src/shared/validators.js,tests/playwright/tests/inventory.spec.js;tests/playwright/tests/order.spec.js;tests/playwright/tests/payment.spec.js
commit_0123,src/api/routes.js;src/services/order.js;src/services/inventory.js,tests/playwright/tests/inventory.spec.js;tests/playwright/tests/order.spec.js;tests/playwright/tests/payment.spec.js
commit_0124,src/services/payment.js;src/shared/utils.js,tests/playwright/tests/order.spec.js;tests/playwright/tests/payment.spec.js
commit_0125,src/services/order.js;src/services/payment.js,tests/playwright/tests/order.spec.js
commit_0126,src/services/inventory.js;src/shared/utils.js,tests/playwright/tests/order.spec.js
commit_0127,src/shared/validators.js;src/services/payment.js,tests/playwright/tests/order.spec.js;tests/playwright/tests/payment.spec.js
commit_0128,src/api/routes.js;src/services/payment.js,tests/playwright/tests/order.spec.js;tests/playwright/tests/payment.spec.js
commit_0129,src/shared/validators.js,tests/playwright/tests/payment.spec.js
commit_0130,src/api/routes.js,tests/playwright/tests/inventory.spec.js
commit_0131,src/api/routes.js;src/shared/utils.js,tests/playwright/tests/inventory.spec.js;tests/playwright/tests/order.spec.js;tests/playwright/tests/payment.spec.js
commit_0132,src/services/order.js;src/shared/utils.js;src/shared/validators.js,tests/playwright/tests/order.spec.js
commit_0133,src/services/inventory.js;src/shared/utils.js;src/shared/validators.js,tests/playwright/tests/inventory.spec.js;tests/playwright/tests/order.spec.js;tests/playwright/tests/payment.spec.js
commit_0134,src/services/payment.js;src/shared/validators.js;src/api/routes.js,tests/playwright/tests/order.spec.js;tests/playwright/tests/payment.spec.js
commit_0135,src/shared/validators.js;src/services/inventory.js;src/api/routes.js,tests/playwright/tests/inventory.spec.js;tests/playwright/tests/payment.spec.js
commit_0136,src/services/order.js,tests/playwright/tests/inventory.spec.js;tests/playwright/tests/order.spec.js
commit_0137,src/services/inventory.js;src/services/payment.js;src/services/order.js,tests/playwright/tests/inventory.spec.js;tests/playwright/tests/order.spec.js;tests/playwright/tests/payment.spec.js
commit_0138,src/services/order.js;src/shared/validators.js,tests/playwright/tests/inventory.spec.js;tests/playwright/tests/order.spec.js
commit_0139,src/services/inventory.js;src/api/routes.js;src/shared/utils.js,tests/playwright/tests/inventory.spec.js;tests/playwright/tests/order.spec.js;tests/playwright/tests/payment.spec.js
commit_0140,src/shared/validators.js;src/services/payment.js;src/shared/utils.js,tests/playwright/tests/order.spec.js;tests/playwright/tests/payment.spec.js
commit_0141,src/services/inventory.js;src/api/routes.js,tests/playwright/tests/inventory.spec.js;tests/playwright/tests/order.spec.js
commit_0142,src/services/payment.js;src/shared/utils.js;src/api/routes.js,tests/playwright/tests/inventory.spec.js;tests/playwright/tests/payment.spec.js
commit_0143,src/shared/utils.js,tests/playwright/tests/order.spec.js;tests/playwright/tests/payment.spec.js
commit_0144,src/shared/utils.js;src/api/routes.js,tests/playwright/tests/order.spec.js;tests/playwright/tests/payment.spec.js
commit_0145,src/services/inventory.js;src/api/routes.js,tests/playwright/tests/inventory.spec.js;tests/playwright/tests/order.spec.js
commit_0146,src/services/inventory.js;src/shared/validators.js;src/services/payment.js,tests/playwright/tests/inventory.spec.js;tests/playwright/tests/payment.spec.js
commit_0147,src/services/payment.js,tests/playwright/tests/payment.spec.js
commit_0148,src/shared/validators.js;src/services/order.js;src/api/routes.js,tests/playwright/tests/order.spec.js;tests/playwright/tests/payment.spec.js
commit_0149,src/shared/validators.js;src/api/routes.js,tests/playwright/tests/inventory.spec.js
commit_0150,src/services/inventory.js;src/services/order.js,tests/playwright/tests/inventory.spec.js;tests/playwright/tests/order.spec.js
commit_0151,src/services/order.js,tests/playwright/tests/order.spec.js
commit_0152,src/api/routes.js,tests/playwright/tests/order.spec.js
commit_0153,src/shared/utils.js,tests/playwright/tests/order.spec.js
commit_0154,src/services/payment.js;src/shared/validators.js;src/services/inventory.js,tests/playwright/tests/inventory.spec.js;tests/playwright/tests/order.spec.js;tests/playwright/tests/payment.spec.js
commit_0155,src/shared/utils.js;src/shared/validators.js,tests/playwright/tests/order.spec.js;tests/playwright/tests/payment.spec.js
commit_0156,src/api/routes.js;src/shared/validators.js,tests/playwright/tests/order.spec.js;tests/playwright/tests/payment.spec.js
commit_0157,src/services/order.js,tests/playwright/tests/inventory.spec.js;tests/playwright/tests/order.spec.js
commit_0158,src/services/payment.js,tests/playwright/tests/order.spec.js;tests/playwright/tests/payment.spec.js
commit_0159,src/api/routes.js;src/shared/utils.js,tests/playwright/tests/inventory.spec.js;tests/playwright/tests/order.spec.js
commit_0160,src/shared/utils.js,tests/playwright/tests/order.spec.js;tests/playwright/tests/payment.spec.js
commit_0161,src/services/payment.js,tests/playwright/tests/payment.spec.js
commit_0162,src/api/routes.js;src/shared/utils.js;src/services/payment.js,tests/playwright/tests/inventory.spec.js;tests/playwright/tests/order.spec.js;tests/playwright/tests/payment.spec.js
commit_0163,src/services/order.js,tests/playwright/tests/order.spec.js
commit_0164,src/shared/utils.js,tests/playwright/tests/payment.spec.js
commit_0165,src/services/inventory.js,tests/playwright/tests/inventory.spec.js;tests/playwright/tests/order.spec.js
commit_0166,src/services/order.js;src/services/payment.js;src/shared/validators.js,tests/playwright/tests/order.spec.js;tests/playwright/tests/payment.spec.js
commit_0167,src/services/order.js;src/services/inventory.js;src/api/routes.js,tests/playwright/tests/inventory.spec.js
commit_0168,src/api/routes.js;src/shared/validators.js;src/services/payment.js,tests/playwright/tests/order.spec.js;tests/playwright/tests/payment.spec.js
commit_0169,src/services/payment.js,tests/playwright/tests/payment.spec.js
commit_0170,src/services/inventory.js;src/api/routes.js,tests/playwright/tests/inventory.spec.js;tests/playwright/tests/order.spec.js;tests/playwright/tests/payment.spec.js
commit_0171,src/shared/validators.js;src/shared/utils.js;src/api/routes.js,tests/playwright/tests/order.spec.js
commit_0172,src/services/order.js;src/services/inventory.js;src/shared/utils.js,tests/playwright/tests/inventory.spec.js;tests/playwright/tests/order.spec.js;tests/playwright/tests/payment.spec.js
commit_0173,src/shared/utils.js;src/shared/validators.js,tests/playwright/tests/order.spec.js;tests/playwright/tests/payment.spec.js
commit_0174,src/api/routes.js;src/shared/validators.js,tests/playwright/tests/inventory.spec.js;tests/playwright/tests/order.spec.js;tests/playwright/tests/payment.spec.js
commit_0175,src/services/payment.js;src/api/routes.js,tests/playwright/tests/payment.spec.js
commit_0176,src/api/routes.js;src/services/order.js;src/services/payment.js,tests/playwright/tests/order.spec.js;tests/playwright/tests/payment.spec.js
commit_0177,src/services/payment.js;src/services/order.js;src/services/inventory.js,tests/playwright/tests/inventory.spec.js;tests/playwright/tests/order.spec.js;tests/playwright/tests/payment.spec.js
commit_0178,src/services/order.js;src/api/routes.js,tests/playwright/tests/inventory.spec.js
commit_0179,src/api/routes.js;src/shared/validators.js;src/services/inventory.js,tests/playwright/tests/inventory.spec.js;tests/playwright/tests/payment.spec.js
commit_0180,src/services/order.js;src/shared/utils.js;src/services/inventory.js,tests/playwright/tests/inventory.spec.js;tests/playwright/tests/order.spec.js;tests/playwright/tests/payment.spec.js
commit_0181,src/services/order.js;src/services/payment.js;src/shared/utils.js,tests/playwright/tests/inventory.spec.js;tests/playwright/tests/order.spec.js;tests/playwright/tests/payment.spec.js
commit_0182,src/shared/validators.js;src/shared/utils.js;src/services/order.js,tests/playwright/tests/inventory.spec.js;tests/playwright/tests/order.spec.js
commit_0183,src/api/routes.js,tests/playwright/tests/payment.spec.js
commit_0184,src/services/payment.js,tests/playwright/tests/payment.spec.js
commit_0185,src/services/inventory.js;src/services/order.js,tests/playwright/tests/inventory.spec.js
commit_0186,src/shared/validators.js;src/services/payment.js,tests/playwright/tests/order.spec.js;tests/playwright/tests/payment.spec.js
commit_0187,src/api/routes.js,tests/playwright/tests/payment.spec.js
commit_0188,src/shared/utils.js;src/services/order.js,tests/playwright/tests/inventory.spec.js;tests/playwright/tests/order.spec.js
commit_0189,src/services/order.js,tests/playwright/tests/order.spec.js
commit_0190,src/shared/utils.js;src/services/inventory.js;src/services/payment.js,tests/playwright/tests/inventory.spec.js;tests/playwright/tests/order.spec.js;tests/playwright/tests/payment.spec.js
commit_0191,src/shared/validators.js;src/api/routes.js,tests/playwright/tests/inventory.spec.js;tests/playwright/tests/order.spec.js
commit_0192,src/services/payment.js;src/services/order.js;src/shared/utils.js,tests/playwright/tests/order.spec.js;tests/playwright/tests/payment.spec.js
commit_0193,src/shared/validators.js;src/services/inventory.js;src/shared/utils.js,tests/playwright/tests/inventory.spec.js;tests/playwright/tests/order.spec.js;tests/playwright/tests/payment.spec.js
commit_0194,src/api/routes.js,tests/playwright/tests/order.spec.js
commit_0195,src/services/order.js;src/services/inventory.js,tests/playwright/tests/inventory.spec.js;tests/playwright/tests/order.spec.js
commit_0196,src/shared/utils.js;src/api/routes.js;src/services/order.js,tests/playwright/tests/inventory.spec.js;tests/playwright/tests/order.spec.js;tests/playwright/tests/payment.spec.js
commit_0197,src/shared/validators.js;src/shared/utils.js,tests/playwright/tests/inventory.spec.js;tests/playwright/tests/payment.spec.js
commit_0198,src/services/inventory.js;src/services/payment.js,tests/playwright/tests/inventory.spec.js;tests/playwright/tests/payment.spec.js
commit_0199,src/shared/utils.js;src/services/payment.js,tests/playwright/tests/payment.spec.js
commit_0200,src/api/routes.js,tests/playwright/tests/inventory.spec.js
commit_0201,src/services/payment.js;src/api/routes.js;src/services/inventory.js,tests/playwright/tests/inventory.spec.js;tests/playwright/tests/order.spec.js;tests/playwright/tests/payment.spec.js
commit_0202,src/api/routes.js,tests/playwright/tests/order.spec.js
commit_0203,src/api/routes.js;src/services/inventory.js,tests/playwright/tests/inventory.spec.js;tests/playwright/tests/payment.spec.js
commit_0204,src/services/order.js,tests/playwright/tests/order.spec.js
commit_0205,src/services/inventory.js;src/services/order.js,tests/playwright/tests/inventory.spec.js;tests/playwright/tests/order.spec.js
commit_0206,src/services/inventory.js;src/shared/validators.js;src/services/order.js,tests/playwright/tests/inventory.spec.js;tests/playwright/tests/order.spec.js
commit_0207,src/services/payment.js;src/api/routes.js,tests/playwright/tests/order.spec.js;tests/playwright/tests/payment.spec.js
commit_0208,src/services/inventory.js;src/services/payment.js;src/shared/validators.js,tests/playwright/tests/inventory.spec.js;tests/playwright/tests/order.spec.js;tests/playwright/tests/payment.spec.js
commit_0209,src/services/inventory.js,tests/playwright/tests/inventory.spec.js
commit_0210,src/services/inventory.js;src/services/payment.js,tests/playwright/tests/inventory.spec.js;tests/playwright/tests/payment.spec.js
commit_0211,src/services/order.js;src/api/routes.js,tests/playwright/tests/inventory.spec.js;tests/playwright/tests/order.spec.js;tests/playwright/tests/payment.spec.js
commit_0212,src/services/inventory.js;src/services/payment.js,tests/playwright/tests/inventory.spec.js;tests/playwright/tests/order.spec.js;tests/playwright/tests/payment.spec.js
commit_0213,src/services/inventory.js;src/api/routes.js;src/services/payment.js,tests/playwright/tests/inventory.spec.js;tests/playwright/tests/order.spec.js;tests/playwright/tests/payment.spec.js
commit_0214,src/api/routes.js;src/services/inventory.js,tests/playwright/tests/inventory.spec.js;tests/playwright/tests/payment.spec.js
commit_0215,src/shared/validators.js;src/services/order.js;src/api/routes.js,tests/playwright/tests/inventory.spec.js;tests/playwright/tests/order.spec.js;tests/playwright/tests/payment.spec.js
commit_0216,src/services/order.js;src/services/payment.js;src/shared/validators.js,tests/playwright/tests/inventory.spec.js;tests/playwright/tests/order.spec.js;tests/playwright/tests/payment.spec.js
commit_0217,src/services/inventory.js;src/shared/validators.js;src/services/order.js,tests/playwright/tests/inventory.spec.js;tests/playwright/tests/order.spec.js
commit_0218,src/services/inventory.js;src/api/routes.js;src/shared/validators.js,tests/playwright/tests/inventory.spec.js;tests/playwright/tests/order.spec.js
commit_0219,src/api/routes.js;src/shared/validators.js,tests/playwright/tests/order.spec.js
commit_0220,src/services/inventory.js;src/api/routes.js,tests/playwright/tests/inventory.spec.js;tests/playwright/tests/order.spec.js;tests/playwright/tests/payment.spec.js
commit_0221,src/services/payment.js;src/api/routes.js;src/shared/utils.js,tests/playwright/tests/inventory.spec.js;tests/playwright/tests/order.spec.js;tests/playwright/tests/payment.spec.js
commit_0222,src/shared/utils.js;src/shared/validators.js,tests/playwright/tests/payment.spec.js
commit_0223,src/services/order.js;src/api/routes.js,tests/playwright/tests/order.spec.js;tests/playwright/tests/payment.spec.js
commit_0224,src/shared/validators.js;src/shared/utils.js,tests/playwright/tests/order.spec.js;tests/playwright/tests/payment.spec.js
commit_0225,src/api/routes.js;src/shared/utils.js;src/services/payment.js,tests/playwright/tests/payment.spec.js
commit_0226,src/shared/validators.js;src/services/order.js;src/services/payment.js,tests/playwright/tests/order.spec.js;tests/playwright/tests/payment.spec.js
commit_0227,src/shared/validators.js;src/services/inventory.js;src/services/order.js,tests/playwright/tests/inventory.spec.js;tests/playwright/tests/order.spec.js;tests/playwright/tests/payment.spec.js
commit_0228,src/shared/validators.js,tests/playwright/tests/inventory.spec.js
commit_0229,src/services/order.js,tests/playwright/tests/order.spec.js
commit_0230,src/shared/utils.js;src/services/order.js;src/shared/validators.js,tests/playwright/tests/inventory.spec.js;tests/playwright/tests/order.spec.js;tests/playwright/tests/payment.spec.js
commit_0231,src/shared/validators.js;src/shared/utils.js;src/services/payment.js,tests/playwright/tests/inventory.spec.js;tests/playwright/tests/order.spec.js;tests/playwright/tests/payment.spec.js
commit_0232,src/api/routes.js;src/services/inventory.js;src/shared/utils.js,tests/playwright/tests/inventory.spec.js;tests/playwright/tests/order.spec.js
commit_0233,src/shared/validators.js;src/shared/utils.js;src/services/order.js,tests/playwright/tests/order.spec.js;tests/playwright/tests/payment.spec.js
commit_0234,src/api/routes.js;src/services/order.js,tests/playwright/tests/order.spec.js
commit_0235,src/api/routes.js,tests/playwright/tests/inventory.spec.js;tests/playwright/tests/order.spec.js;tests/playwright/tests/payment.spec.js
commit_0236,src/shared/utils.js;src/shared/validators.js;src/api/routes.js,tests/playwright/tests/inventory.spec.js;tests/playwright/tests/order.spec.js;tests/playwright/tests/payment.spec.js
commit_0237,src/services/payment.js;src/shared/validators.js;src/shared/utils.js,tests/playwright/tests/order.spec.js;tests/playwright/tests/payment.spec.js
commit_0238,src/api/routes.js,tests/playwright/tests/order.spec.js;tests/playwright/tests/payment.spec.js
commit_0239,src/services/payment.js;src/api/routes.js;src/services/inventory.js,tests/playwright/tests/inventory.spec.js;tests/playwright/tests/order.spec.js;tests/playwright/tests/payment.spec.js
commit_0240,src/services/payment.js,tests/playwright/tests/order.spec.js
commit_0241,src/api/routes.js;src/services/payment.js,tests/playwright/tests/order.spec.js;tests/playwright/tests/payment.spec.js
commit_0242,src/services/order.js;src/services/inventory.js,tests/playwright/tests/inventory.spec.js;tests/playwright/tests/order.spec.js
commit_0243,src/services/order.js;src/api/routes.js;src/services/inventory.js,tests/playwright/tests/order.spec.js;tests/playwright/tests/payment.spec.js
commit_0244,src/shared/utils.js,tests/playwright/tests/payment.spec.js
commit_0245,src/services/payment.js,tests/playwright/tests/payment.spec.js
commit_0246,src/api/routes.js,tests/playwright/tests/inventory.spec.js
commit_0247,src/shared/utils.js,tests/playwright/tests/order.spec.js
commit_0248,src/shared/utils.js;src/services/order.js,tests/playwright/tests/inventory.spec.js;tests/playwright/tests/order.spec.js
commit_0249,src/shared/validators.js;src/services/inventory.js;src/services/payment.js,tests/playwright/tests/inventory.spec.js;tests/playwright/tests/order.spec.js;tests/playwright/tests/payment.spec.js
commit_0250,src/services/payment.js;src/services/order.js,tests/playwright/tests/order.spec.js;tests/playwright/tests/payment.spec.js
commit_0251,src/services/order.js;src/services/inventory.js;src/services/payment.js,tests/playwright/tests/inventory.spec.js;tests/playwright/tests/order.spec.js;tests/playwright/tests/payment.spec.js
commit_0252,src/shared/validators.js;src/services/payment.js,tests/playwright/tests/order.spec.js;tests/playwright/tests/payment.spec.js
commit_0253,src/services/order.js;src/services/inventory.js,tests/playwright/tests/inventory.spec.js;tests/playwright/tests/order.spec.js
commit_0254,src/shared/validators.js;src/api/routes.js,tests/playwright/tests/order.spec.js;tests/playwright/tests/payment.spec.js
commit_0255,src/services/order.js;src/shared/utils.js,tests/playwright/tests/order.spec.js
commit_0256,src/services/payment.js;src/api/routes.js;src/services/order.js,tests/playwright/tests/inventory.spec.js;tests/playwright/tests/order.spec.js;tests/playwright/tests/payment.spec.js
commit_0257,src/shared/validators.js;src/services/order.js,tests/playwright/tests/order.spec.js
commit_0258,src/shared/utils.js;src/shared/validators.js;src/services/payment.js,tests/playwright/tests/inventory.spec.js;tests/playwright/tests/order.spec.js;tests/playwright/tests/payment.spec.js
commit_0259,src/shared/validators.js;src/shared/utils.js,tests/playwright/tests/order.spec.js;tests/playwright/tests/payment.spec.js
commit_0260,src/shared/utils.js,tests/playwright/tests/inventory.spec.js
commit_0261,src/shared/utils.js;src/services/payment.js;src/services/inventory.js,tests/playwright/tests/inventory.spec.js;tests/playwright/tests/order.spec.js;tests/playwright/tests/payment.spec.js
commit_0262,src/services/inventory.js,tests/playwright/tests/order.spec.js
commit_0263,src/services/order.js;src/api/routes.js,tests/playwright/tests/order.spec.js
commit_0264,src/shared/utils.js;src/api/routes.js,tests/playwright/tests/payment.spec.js
commit_0265,src/shared/validators.js,tests/playwright/tests/order.spec.js;tests/playwright/tests/payment.spec.js
commit_0266,src/services/inventory.js,tests/playwright/tests/inventory.spec.js
commit_0267,src/api/routes.js;src/shared/validators.js,tests/playwright/tests/order.spec.js;tests/playwright/tests/payment.spec.js
commit_0268,src/api/routes.js,tests/playwright/tests/order.spec.js
commit_0269,src/services/inventory.js;src/services/order.js;src/shared/validators.js,tests/playwright/tests/inventory.spec.js;tests/playwright/tests/order.spec.js;tests/playwright/tests/payment.spec.js
commit_0270,src/shared/utils.js,tests/playwright/tests/inventory.spec.js
commit_0271,src/shared/validators.js,tests/playwright/tests/payment.spec.js
commit_0272,src/shared/validators.js;src/services/payment.js;src/api/routes.js,tests/playwright/tests/order.spec.js
commit_0273,src/api/routes.js;src/services/order.js;src/shared/utils.js,tests/playwright/tests/order.spec.js;tests/playwright/tests/payment.spec.js
commit_0274,src/shared/utils.js;src/services/order.js,tests/playwright/tests/order.spec.js
commit_0275,src/services/inventory.js;src/shared/validators.js,tests/playwright/tests/inventory.spec.js;tests/playwright/tests/payment.spec.js
commit_0276,src/services/order.js;src/services/payment.js,tests/playwright/tests/order.spec.js;tests/playwright/tests/payment.spec.js
commit_0277,src/services/order.js;src/services/inventory.js;src/services/payment.js,tests/playwright/tests/inventory.spec.js;tests/playwright/tests/order.spec.js;tests/playwright/tests/payment.spec.js
commit_0278,src/shared/validators.js;src/services/order.js;src/shared/utils.js,tests/playwright/tests/inventory.spec.js;tests/playwright/tests/order.spec.js
commit_0279,src/shared/utils.js;src/services/order.js;src/shared/validators.js,tests/playwright/tests/order.spec.js;tests/playwright/tests/payment.spec.js
commit_0280,src/shared/validators.js;src/shared/utils.js,tests/playwright/tests/payment.spec.js
commit_0281,src/services/payment.js,tests/playwright/tests/order.spec.js;tests/playwright/tests/payment.spec.js
commit_0282,src/api/routes.js,tests/playwright/tests/inventory.spec.js;tests/playwright/tests/order.spec.js
commit_0283,src/api/routes.js;src/shared/utils.js;src/services/payment.js,tests/playwright/tests/inventory.spec.js;tests/playwright/tests/order.spec.js;tests/playwright/tests/payment.spec.js
commit_0284,src/api/routes.js;src/shared/utils.js,tests/playwright/tests/inventory.spec.js;tests/playwright/tests/payment.spec.js
commit_0285,src/api/routes.js;src/services/inventory.js;src/shared/validators.js,tests/playwright/tests/inventory.spec.js;tests/playwright/tests/order.spec.js
commit_0286,src/api/routes.js,tests/playwright/tests/inventory.spec.js;tests/playwright/tests/order.spec.js
commit_0287,src/shared/validators.js,tests/playwright/tests/order.spec.js
commit_0288,src/shared/utils.js;src/services/inventory.js;src/shared/validators.js,tests/playwright/tests/inventory.spec.js;tests/playwright/tests/order.spec.js;tests/playwright/tests/payment.spec.js
commit_0289,src/api/routes.js;src/shared/utils.js;src/services/order.js,tests/playwright/tests/inventory.spec.js;tests/playwright/tests/order.spec.js;tests/playwright/tests/payment.spec.js
commit_0290,src/shared/utils.js;src/api/routes.js,tests/playwright/tests/payment.spec.js
commit_0291,src/services/inventory.js;src/api/routes.js;src/shared/utils.js,tests/playwright/tests/inventory.spec.js;tests/playwright/tests/order.spec.js;tests/playwright/tests/payment.spec.js
commit_0292,src/services/inventory.js;src/shared/validators.js;src/api/routes.js,tests/playwright/tests/inventory.spec.js
commit_0293,src/shared/validators.js;src/api/routes.js,tests/playwright/tests/order.spec.js;tests/playwright/tests/payment.spec.js
commit_0294,src/api/routes.js,tests/playwright/tests/payment.spec.js
commit_0295,src/services/order.js;src/shared/validators.js;src/shared/utils.js,tests/playwright/tests/order.spec.js;tests/playwright/tests/payment.spec.js
commit_0296,src/services/payment.js;src/services/inventory.js;src/shared/validators.js,tests/playwright/tests/inventory.spec.js;tests/playwright/tests/payment.spec.js
commit_0297,src/services/inventory.js;src/services/payment.js,tests/playwright/tests/inventory.spec.js;tests/playwright/tests/payment.spec.js
commit_0298,src/shared/utils.js;src/services/order.js,tests/playwright/tests/order.spec.js;tests/playwright/tests/payment.spec.js
commit_0299,src/services/inventory.js;src/api/routes.js;src/services/payment.js,tests/playwright/tests/inventory.spec.js;tests/playwright/tests/order.spec.js;tests/playwright/tests/payment.spec.js
commit_0300,src/shared/utils.js;src/services/payment.js,tests/playwright/tests/order.spec.js;tests/playwright/tests/payment.spec.js
commit_0301,src/shared/utils.js;src/services/inventory.js;src/shared/validators.js,tests/playwright/tests/inventory.spec.js;tests/playwright/tests/order.spec.js;tests/playwright/tests/payment.spec.js
commit_0302,src/api/routes.js,tests/playwright/tests/payment.spec.js
commit_0303,src/services/order.js;src/shared/utils.js;src/api/routes.js,tests/playwright/tests/order.spec.js;tests/playwright/tests/payment.spec.js
commit_0304,src/services/order.js;src/shared/utils.js,tests/playwright/tests/inventory.spec.js;tests/playwright/tests/order.spec.js
commit_0305,src/shared/validators.js;src/shared/utils.js,tests/playwright/tests/inventory.spec.js;tests/playwright/tests/payment.spec.js
commit_0306,src/services/order.js;src/services/payment.js;src/shared/validators.js,tests/playwright/tests/order.spec.js;tests/playwright/tests/payment.spec.js
commit_0307,src/api/routes.js;src/shared/utils.js;src/services/order.js,tests/playwright/tests/inventory.spec.js;tests/playwright/tests/order.spec.js;tests/playwright/tests/payment.spec.js
commit_0308,src/services/inventory.js;src/shared/utils.js;src/services/order.js,tests/playwright/tests/inventory.spec.js;tests/playwright/tests/order.spec.js
commit_0309,src/services/payment.js;src/services/order.js;src/api/routes.js,tests/playwright/tests/inventory.spec.js;tests/playwright/tests/order.spec.js;tests/playwright/tests/payment.spec.js
commit_0310,src/api/routes.js;src/shared/utils.js;src/services/inventory.js,tests/playwright/tests/inventory.spec.js;tests/playwright/tests/order.spec.js;tests/playwright/tests/payment.spec.js
commit_0311,src/services/order.js;src/shared/validators.js,tests/playwright/tests/order.spec.js;tests/playwright/tests/payment.spec.js
commit_0312,src/shared/utils.js;src/services/inventory.js,tests/playwright/tests/inventory.spec.js;tests/playwright/tests/order.spec.js
commit_0313,src/services/order.js;src/shared/utils.js;src/services/payment.js,tests/playwright/tests/order.spec.js;tests/playwright/tests/payment.spec.js
commit_0314,src/services/inventory.js;src/api/routes.js,tests/playwright/tests/inventory.spec.js;tests/playwright/tests/order.spec.js
commit_0315,src/shared/utils.js;src/services/payment.js;src/api/routes.js,tests/playwright/tests/inventory.spec.js;tests/playwright/tests/order.spec.js;tests/playwright/tests/payment.spec.js
commit_0316,src/api/routes.js,tests/playwright/tests/payment.spec.js
commit_0317,src/shared/validators.js,tests/playwright/tests/order.spec.js
commit_0318,src/services/order.js;src/shared/utils.js,tests/playwright/tests/inventory.spec.js;tests/playwright/tests/order.spec.js
commit_0319,src/shared/utils.js,tests/playwright/tests/inventory.spec.js
commit_0320,src/api/routes.js;src/services/inventory.js,tests/playwright/tests/inventory.spec.js;tests/playwright/tests/order.spec.js
commit_0321,src/services/payment.js,tests/playwright/tests/payment.spec.js
commit_0322,src/services/payment.js;src/shared/validators.js;src/shared/utils.js,tests/playwright/tests/order.spec.js;tests/playwright/tests/payment.spec.js
commit_0323,src/shared/validators.js;src/api/routes.js,tests/playwright/tests/inventory.spec.js;tests/playwright/tests/order.spec.js;tests/playwright/tests/payment.spec.js
commit_0324,src/services/order.js;src/shared/validators.js;src/shared/utils.js,tests/playwright/tests/inventory.spec.js;tests/playwright/tests/order.spec.js;tests/playwright/tests/payment.spec.js
commit_0325,src/shared/validators.js,tests/playwright/tests/order.spec.js;tests/playwright/tests/payment.spec.js
commit_0326,src/services/payment.js,tests/playwright/tests/payment.spec.js
commit_0327,src/services/inventory.js;src/shared/utils.js,tests/playwright/tests/inventory.spec.js
commit_0328,src/shared/utils.js;src/api/routes.js;src/shared/validators.js,tests/playwright/tests/order.spec.js;tests/playwright/tests/payment.spec.js
commit_0329,src/shared/validators.js;src/shared/utils.js,tests/playwright/tests/inventory.spec.js;tests/playwright/tests/payment.spec.js
commit_0330,src/shared/validators.js;src/services/inventory.js,tests/playwright/tests/inventory.spec.js;tests/playwright/tests/payment.spec.js
commit_0331,src/api/routes.js;src/services/order.js;src/services/payment.js,tests/playwright/tests/inventory.spec.js;tests/playwright/tests/order.spec.js;tests/playwright/tests/payment.spec.js
commit_0332,src/services/order.js,tests/playwright/tests/order.spec.js
commit_0333,src/api/routes.js;src/shared/validators.js,tests/playwright/tests/order.spec.js;tests/playwright/tests/payment.spec.js
commit_0334,src/shared/validators.js,tests/playwright/tests/order.spec.js;tests/playwright/tests/payment.spec.js
commit_0335,src/services/order.js;src/services/payment.js;src/shared/validators.js,tests/playwright/tests/inventory.spec.js;tests/playwright/tests/order.spec.js;tests/playwright/tests/payment.spec.js
commit_0336,src/services/inventory.js;src/services/payment.js,tests/playwright/tests/inventory.spec.js;tests/playwright/tests/order.spec.js;tests/playwright/tests/payment.spec.js
commit_0337,src/services/payment.js;src/services/order.js;src/shared/utils.js,tests/playwright/tests/order.spec.js;tests/playwright/tests/payment.spec.js
commit_0338,src/shared/utils.js,tests/playwright/tests/order.spec.js
commit_0339,src/shared/utils.js;src/api/routes.js,tests/playwright/tests/inventory.spec.js;tests/playwright/tests/order.spec.js
commit_0340,src/api/routes.js;src/services/payment.js;src/services/inventory.js,tests/playwright/tests/inventory.spec.js;tests/playwright/tests/order.spec.js;tests/playwright/tests/payment.spec.js
commit_0341,src/shared/validators.js;src/services/order.js;src/shared/utils.js,tests/playwright/tests/inventory.spec.js;tests/playwright/tests/order.spec.js;tests/playwright/tests/payment.spec.js
commit_0342,src/shared/utils.js,tests/playwright/tests/payment.spec.js
commit_0343,src/api/routes.js,tests/playwright/tests/inventory.spec.js
commit_0344,src/services/payment.js;src/api/routes.js;src/services/inventory.js,tests/playwright/tests/inventory.spec.js;tests/playwright/tests/order.spec.js;tests/playwright/tests/payment.spec.js
commit_0345,src/services/inventory.js;src/api/routes.js;src/shared/validators.js,tests/playwright/tests/inventory.spec.js;tests/playwright/tests/order.spec.js;tests/playwright/tests/payment.spec.js
commit_0346,src/shared/utils.js,tests/playwright/tests/payment.spec.js
commit_0347,src/api/routes.js,tests/playwright/tests/order.spec.js;tests/playwright/tests/payment.spec.js
commit_0348,src/services/order.js;src/shared/utils.js,tests/playwright/tests/inventory.spec.js;tests/playwright/tests/order.spec.js;tests/playwright/tests/payment.spec.js
commit_0349,src/shared/validators.js;src/services/inventory.js;src/services/order.js,tests/playwright/tests/inventory.spec.js;tests/playwright/tests/order.spec.js
commit_0350,src/services/inventory.js,tests/playwright/tests/inventory.spec.js;tests/playwright/tests/order.spec.js
commit_0351,src/shared/validators.js,tests/playwright/tests/payment.spec.js
commit_0352,src/services/payment.js;src/services/order.js,tests/playwright/tests/order.spec.js;tests/playwright/tests/payment.spec.js
commit_0353,src/shared/validators.js;src/services/payment.js;src/services/inventory.js,tests/playwright/tests/inventory.spec.js;tests/playwright/tests/payment.spec.js
commit_0354,src/api/routes.js;src/services/inventory.js,tests/playwright/tests/inventory.spec.js;tests/playwright/tests/order.spec.js;tests/playwright/tests/payment.spec.js
commit_0355,src/shared/validators.js;src/services/inventory.js;src/api/routes.js,tests/playwright/tests/inventory.spec.js;tests/playwright/tests/order.spec.js
commit_0356,src/services/inventory.js;src/api/routes.js,tests/playwright/tests/inventory.spec.js;tests/playwright/tests/order.spec.js
commit_0357,src/shared/validators.js;src/services/payment.js,tests/playwright/tests/payment.spec.js
commit_0358,src/api/routes.js,tests/playwright/tests/payment.spec.js
commit_0359,src/services/inventory.js;src/shared/validators.js,tests/playwright/tests/inventory.spec.js;tests/playwright/tests/order.spec.js;tests/playwright/tests/payment.spec.js
commit_0360,src/api/routes.js;src/services/inventory.js;src/services/payment.js,tests/playwright/tests/inventory.spec.js;tests/playwright/tests/order.spec.js;tests/playwright/tests/payment.spec.js
commit_0361,src/services/inventory.js;src/services/payment.js;src/services/order.js,tests/playwright/tests/inventory.spec.js;tests/playwright/tests/order.spec.js;tests/playwright/tests/payment.spec.js
commit_0362,src/services/payment.js;src/services/order.js;src/api/routes.js,tests/playwright/tests/order.spec.js;tests/playwright/tests/payment.spec.js
commit_0363,src/shared/validators.js;src/services/inventory.js,tests/playwright/tests/inventory.spec.js;tests/playwright/tests/order.spec.js
commit_0364,src/services/payment.js;src/services/inventory.js;src/shared/utils.js,tests/playwright/tests/inventory.spec.js;tests/playwright/tests/order.spec.js;tests/playwright/tests/payment.spec.js
commit_0365,src/shared/validators.js;src/services/inventory.js;src/api/routes.js,tests/playwright/tests/inventory.spec.js;tests/playwright/tests/order.spec.js;tests/playwright/tests/payment.spec.js
commit_0366,src/shared/validators.js,tests/playwright/tests/payment.spec.js
commit_0367,src/services/order.js;src/services/payment.js,tests/playwright/tests/order.spec.js;tests/playwright/tests/payment.spec.js
commit_0368,src/services/payment.js;src/services/inventory.js;src/shared/validators.js,tests/playwright/tests/order.spec.js;tests/playwright/tests/payment.spec.js
commit_0369,src/services/payment.js;src/api/routes.js,tests/playwright/tests/order.spec.js;tests/playwright/tests/payment.spec.js
commit_0370,src/shared/validators.js;src/services/order.js;src/shared/utils.js,tests/playwright/tests/order.spec.js
commit_0371,src/services/inventory.js,tests/playwright/tests/inventory.spec.js;tests/playwright/tests/order.spec.js
commit_0372,src/services/payment.js;src/services/inventory.js;src/api/routes.js,tests/playwright/tests/inventory.spec.js;tests/playwright/tests/payment.spec.js
commit_0373,src/services/inventory.js;src/services/order.js,tests/playwright/tests/inventory.spec.js;tests/playwright/tests/order.spec.js
commit_0374,src/shared/utils.js;src/services/payment.js;src/api/routes.js,tests/playwright/tests/inventory.spec.js;tests/playwright/tests/order.spec.js;tests/playwright/tests/payment.spec.js
commit_0375,src/services/order.js,tests/playwright/tests/order.spec.js
commit_0376,src/api/routes.js;src/services/payment.js,tests/playwright/tests/order.spec.js;tests/playwright/tests/payment.spec.js
commit_0377,src/services/inventory.js;src/services/order.js;src/api/routes.js,tests/playwright/tests/inventory.spec.js;tests/playwright/tests/order.spec.js;tests/playwright/tests/payment.spec.js
commit_0378,src/services/inventory.js;src/api/routes.js,tests/playwright/tests/inventory.spec.js;tests/playwright/tests/payment.spec.js
commit_0379,src/services/order.js;src/services/inventory.js,tests/playwright/tests/inventory.spec.js;tests/playwright/tests/order.spec.js
commit_0380,src/services/payment.js;src/services/order.js,tests/playwright/tests/order.spec.js;tests/playwright/tests/payment.spec.js
commit_0381,src/services/inventory.js,tests/playwright/tests/inventory.spec.js
commit_0382,src/services/inventory.js,tests/playwright/tests/inventory.spec.js
commit_0383,src/services/order.js,tests/playwright/tests/order.spec.js
commit_0384,src/api/routes.js;src/services/inventory.js;src/services/payment.js,tests/playwright/tests/inventory.spec.js;tests/playwright/tests/order.spec.js;tests/playwright/tests/payment.spec.js
commit_0385,src/services/inventory.js;src/api/routes.js,tests/playwright/tests/inventory.spec.js;tests/playwright/tests/order.spec.js
commit_0386,src/services/inventory.js;src/shared/utils.js,tests/playwright/tests/inventory.spec.js;tests/playwright/tests/order.spec.js;tests/playwright/tests/payment.spec.js
commit_0387,src/services/inventory.js,tests/playwright/tests/inventory.spec.js
commit_0388,src/services/payment.js;src/shared/utils.js;src/shared/validators.js,tests/playwright/tests/inventory.spec.js;tests/playwright/tests/payment.spec.js
commit_0389,src/api/routes.js,tests/playwright/tests/payment.spec.js
commit_0390,src/api/routes.js;src/services/payment.js,tests/playwright/tests/payment.spec.js
commit_0391,src/services/order.js;src/services/inventory.js,tests/playwright/tests/inventory.spec.js;tests/playwright/tests/order.spec.js
commit_0392,src/shared/utils.js,tests/playwright/tests/inventory.spec.js
commit_0393,src/services/order.js,tests/playwright/tests/inventory.spec.js;tests/playwright/tests/order.spec.js
commit_0394,src/services/inventory.js;src/services/order.js;src/shared/utils.js,tests/playwright/tests/inventory.spec.js;tests/playwright/tests/order.spec.js
commit_0395,src/services/inventory.js;src/services/payment.js;src/services/order.js,tests/playwright/tests/inventory.spec.js;tests/playwright/tests/order.spec.js
commit_0396,src/services/inventory.js;src/api/routes.js,tests/playwright/tests/inventory.spec.js;tests/playwright/tests/payment.spec.js
commit_0397,src/services/order.js;src/api/routes.js;src/services/payment.js,tests/playwright/tests/order.spec.js;tests/playwright/tests/payment.spec.js
commit_0398,src/shared/validators.js,tests/playwright/tests/order.spec.js
commit_0399,src/api/routes.js;src/shared/utils.js;src/services/inventory.js,tests/playwright/tests/inventory.spec.js;tests/playwright/tests/order.spec.js
commit_0400,src/shared/validators.js;src/api/routes.js;src/services/payment.js,tests/playwright/tests/inventory.spec.js;tests/playwright/tests/order.spec.js;tests/playwright/tests/payment.spec.js
commit_0401,src/shared/validators.js;src/shared/utils.js;src/services/inventory.js,tests/playwright/tests/inventory.spec.js;tests/playwright/tests/order.spec.js;tests/playwright/tests/payment.spec.js
commit_0402,src/api/routes.js;src/services/inventory.js,tests/playwright/tests/inventory.spec.js;tests/playwright/tests/order.spec.js;tests/playwright/tests/payment.spec.js
commit_0403,src/api/routes.js;src/services/payment.js;src/shared/utils.js,tests/playwright/tests/inventory.spec.js;tests/playwright/tests/order.spec.js;tests/playwright/tests/payment.spec.js
commit_0404,src/services/order.js;src/shared/utils.js,tests/playwright/tests/order.spec.js
commit_0405,src/api/routes.js;src/services/order.js;src/shared/validators.js,tests/playwright/tests/inventory.spec.js;tests/playwright/tests/order.spec.js;tests/playwright/tests/payment.spec.js
commit_0406,src/services/order.js;src/services/inventory.js,tests/playwright/tests/inventory.spec.js;tests/playwright/tests/order.spec.js
commit_0407,src/shared/utils.js;src/services/inventory.js;src/api/routes.js,tests/playwright/tests/inventory.spec.js;tests/playwright/tests/order.spec.js
commit_0408,src/api/routes.js;src/shared/validators.js;src/services/payment.js,tests/playwright/tests/order.spec.js;tests/playwright/tests/payment.spec.js
commit_0409,src/shared/utils.js,tests/playwright/tests/inventory.spec.js
commit_0410,src/services/order.js;src/services/inventory.js,tests/playwright/tests/inventory.spec.js;tests/playwright/tests/order.spec.js
commit_0411,src/services/payment.js,tests/playwright/tests/payment.spec.js
commit_0412,src/services/payment.js;src/services/inventory.js;src/shared/utils.js,tests/playwright/tests/inventory.spec.js;tests/playwright/tests/payment.spec.js
commit_0413,src/shared/validators.js;src/services/inventory.js,tests/playwright/tests/inventory.spec.js;tests/playwright/tests/order.spec.js
commit_0414,src/shared/utils.js;src/shared/validators.js;src/services/order.js,tests/playwright/tests/order.spec.js
commit_0415,src/shared/utils.js,tests/playwright/tests/inventory.spec.js
commit_0416,src/shared/validators.js,tests/playwright/tests/payment.spec.js
commit_0417,src/shared/validators.js;src/services/order.js;src/services/inventory.js,tests/playwright/tests/inventory.spec.js;tests/playwright/tests/order.spec.js;tests/playwright/tests/payment.spec.js
commit_0418,src/shared/utils.js,tests/playwright/tests/inventory.spec.js;tests/playwright/tests/payment.spec.js
commit_0419,src/services/order.js;src/shared/validators.js;src/services/payment.js,tests/playwright/tests/order.spec.js;tests/playwright/tests/payment.spec.js
commit_0420,src/shared/validators.js;src/shared/utils.js,tests/playwright/tests/payment.spec.js
commit_0421,src/shared/utils.js,tests/playwright/tests/inventory.spec.js
commit_0422,src/services/inventory.js,tests/playwright/tests/inventory.spec.js;tests/playwright/tests/order.spec.js
commit_0423,src/shared/validators.js;src/services/payment.js,tests/playwright/tests/payment.spec.js
commit_0424,src/services/inventory.js;src/services/order.js,tests/playwright/tests/inventory.spec.js;tests/playwright/tests/order.spec.js
commit_0425,src/shared/utils.js,tests/playwright/tests/order.spec.js;tests/playwright/tests/payment.spec.js
commit_0426,src/shared/utils.js;src/services/payment.js;src/shared/validators.js,tests/playwright/tests/inventory.spec.js;tests/playwright/tests/payment.spec.js
commit_0427,src/services/order.js,tests/playwright/tests/order.spec.js
commit_0428,src/services/payment.js;src/shared/utils.js,tests/playwright/tests/order.spec.js;tests/playwright/tests/payment.spec.js
commit_0429,src/shared/validators.js;src/services/payment.js,tests/playwright/tests/payment.spec.js
commit_0430,src/shared/utils.js;src/services/order.js;src/services/inventory.js,tests/playwright/tests/inventory.spec.js;tests/playwright/tests/order.spec.js;tests/playwright/tests/payment.spec.js
commit_0431,src/services/payment.js,tests/playwright/tests/payment.spec.js
commit_0432,src/api/routes.js;src/services/inventory.js,tests/playwright/tests/inventory.spec.js;tests/playwright/tests/order.spec.js
commit_0433,src/shared/validators.js;src/api/routes.js,tests/playwright/tests/order.spec.js;tests/playwright/tests/payment.spec.js
commit_0434,src/services/inventory.js;src/shared/utils.js,tests/playwright/tests/inventory.spec.js;tests/playwright/tests/order.spec.js;tests/playwright/tests/payment.spec.js
commit_0435,src/api/routes.js,tests/playwright/tests/inventory.spec.js
commit_0436,src/services/inventory.js;src/shared/utils.js;src/services/order.js,tests/playwright/tests/inventory.spec.js;tests/playwright/tests/order.spec.js
commit_0437,src/services/payment.js;src/shared/utils.js;src/shared/validators.js,tests/playwright/tests/inventory.spec.js;tests/playwright/tests/order.spec.js;tests/playwright/tests/payment.spec.js
commit_0438,src/shared/validators.js,tests/playwright/tests/order.spec.js
commit_0439,src/api/routes.js;src/shared/validators.js;src/services/payment.js,tests/playwright/tests/order.spec.js;tests/playwright/tests/payment.spec.js
commit_0440,src/api/routes.js;src/services/payment.js;src/services/order.js,tests/playwright/tests/inventory.spec.js;tests/playwright/tests/order.spec.js;tests/playwright/tests/payment.spec.js
commit_0441,src/services/order.js;src/services/inventory.js;src/shared/utils.js,tests/playwright/tests/inventory.spec.js;tests/playwright/tests/order.spec.js
commit_0442,src/services/payment.js,tests/playwright/tests/order.spec.js;tests/playwright/tests/payment.spec.js
commit_0443,src/api/routes.js;src/shared/utils.js;src/services/payment.js,tests/playwright/tests/order.spec.js;tests/playwright/tests/payment.spec.js
commit_0444,src/services/order.js;src/services/payment.js;src/services/inventory.js,tests/playwright/tests/inventory.spec.js;tests/playwright/tests/order.spec.js;tests/playwright/tests/payment.spec.js
commit_0445,src/services/payment.js;src/shared/utils.js;src/services/inventory.js,tests/playwright/tests/inventory.spec.js;tests/playwright/tests/payment.spec.js
commit_0446,src/shared/utils.js;src/shared/validators.js;src/services/payment.js,tests/playwright/tests/payment.spec.js
commit_0447,src/services/order.js;src/services/payment.js,tests/playwright/tests/inventory.spec.js;tests/playwright/tests/order.spec.js;tests/playwright/tests/payment.spec.js
commit_0448,src/services/payment.js,tests/playwright/tests/order.spec.js;tests/playwright/tests/payment.spec.js
commit_0449,src/services/order.js;src/api/routes.js,tests/playwright/tests/inventory.spec.js;tests/playwright/tests/order.spec.js;tests/playwright/tests/payment.spec.js
